{"cameo1":{"holderName":"testTarget1","pictureURL":"images/lucyliu.jpg","lastname":"","firstname":"","phone":"","email":"xyz@xyz.com","chatInvitation":false,"online":false},"cameo2":{"holderName":"testTarget2","pictureURL":"images/AbbasHat.png","lastname":"","firstname":"","phone":"","email":"xyz@xyz.com","chatInvitation":false,"online":false},"cameo3":{"holderName":"testTarget3","pictureURL":"images/arlene.jpg","lastname":"","firstname":"","phone":"","email":"xyz@xyz.com","chatInvitation":false,"online":false},"cameo4":{"holderName":"testTarget4","pictureURL":"images/charlize.jpg","lastname":"","firstname":"","phone":"","email":"xyz@xyz.com","chatInvitation":false,"online":false},"cameo5":{"holderName":"testTarget5","pictureURL":"images/girl.jpg","lastname":"","firstname":"","phone":"","email":"xyz@xyz.com","chatInvitation":false,"online":false},"cameo6":{"holderName":"testTarget6","pictureURL":"images/liam.jpg","lastname":"","firstname":"","phone":"","email":"xyz@xyz.com","chatInvitation":false,"online":false},"cameo7":{"holderName":"testTarget7","pictureURL":"images/JackieChan.jpg","lastname":"","firstname":"","phone":"","email":"xyz@xyz.com","chatInvitation":false,"online":false},"cameo10":{"holderName":"testTarget10","pictureURL":"images/jose.jpg","lastname":"","firstname":"","phone":"","email":"xyz@xyz.com","chatInvitation":false,"online":false}}