{"e47b7de8afce22734da82449bc63701b":{"cameo1":{"holderName":"testTarget1","pictureURL":"images\/lucyliu.jpg","lastname":"Liu","firstname":"Lucy","phone":"610-555-1212","email":"xyz@xyz.com","chatInvitation":false,"online":false},"cameo2":{"holderName":"testTarget2","pictureURL":"images\/AbbasHat.png","lastname":"Abdulmalik","firstname":"Abbas","phone":"610-357-2710","email":"abbas229@gmail.com","chatInvitation":false,"online":false},"cameo3":{"holderName":"testTarget16","pictureURL":"images\/arlene.jpg","lastname":"Ramos","firstname":"Arlene","phone":"804-690-8184","email":"xyz@xyz.com","chatInvitation":false,"online":false},"cameo4":{"holderName":"testTarget4","pictureURL":"images\/charlize.jpg","lastname":"Theron","firstname":"Charlize","phone":"610-555-1212","email":"xyz@xyz.com","chatInvitation":false,"online":false},"cameo5":{"holderName":"testTarget5","pictureURL":"images\/girl.jpg","lastname":"Melendez","firstname":"Linda","phone":"484-832-6938","email":"LindaMel76@comcast.net","chatInvitation":false,"online":false},"cameo6":{"holderName":"testTarget6","pictureURL":"images\/liam.jpg","lastname":"Neeson","firstname":"Liam","phone":"610-555-1212","email":"xyz@xyz.com","chatInvitation":false,"online":false},"cameo7":{"holderName":"testTarget7","pictureURL":"images\/JackieChan.jpg","lastname":"Chan","firstname":"Jackie","phone":"215-555-1212","email":"xyz@xyz.com","chatInvitation":false,"online":false},"cameo10":{"holderName":"testTarget10","pictureURL":"images\/jose.jpg","lastname":"Ramos","firstname":"Jose","phone":"650-520-4678","email":"Jose.Ramos@kin-keepers.com","chatInvitation":false,"online":false}},"70483b6e100c9cebbffcdc62dea07eda":{"cameo1":{"holderName":"testTarget1","pictureURL":"images\/lucyliu.jpg","lastname":"Liu","firstname":"Lucy","phone":"610-555-1212","email":"xyz@xyz.com","chatInvitation":false,"online":false},"cameo2":{"holderName":"testTarget2","pictureURL":"images\/AbbasHat.png","lastname":"Abdulmalik","firstname":"Abbas","phone":"610-357-2710","email":"abbas229@gmail.com","chatInvitation":false,"online":false},"cameo3":{"holderName":"testTarget3","pictureURL":"images\/arlene.jpg","lastname":"Ramos","firstname":"Arlene","phone":"804-690-8184","email":"xyz@xyz.com","chatInvitation":false,"online":false},"cameo4":{"holderName":"testTarget4","pictureURL":"images\/charlize.jpg","lastname":"Theron","firstname":"Charlize","phone":"610-555-1212","email":"xyz@xyz.com","chatInvitation":false,"online":false},"cameo5":{"holderName":"testTarget5","pictureURL":"images\/girl.jpg","lastname":"Melendez","firstname":"Linda","phone":"484-832-6938","email":"LindaMel76@comcast.net","chatInvitation":false,"online":false},"cameo6":{"holderName":"testTarget6","pictureURL":"images\/liam.jpg","lastname":"Neeson","firstname":"Liam","phone":"610-555-1212","email":"xyz@xyz.com","chatInvitation":false,"online":false},"cameo7":{"holderName":"testTarget7","pictureURL":"images\/JackieChan.jpg","lastname":"Chan","firstname":"Jackie","phone":"215-555-1212","email":"xyz@xyz.com","chatInvitation":false,"online":false},"cameo10":{"holderName":"testTarget11","pictureURL":"images\/jose.jpg","lastname":"Ramos","firstname":"Jose","phone":"650-520-4678","email":"Jose.Ramos@kin-keepers.com","chatInvitation":false,"online":false}},"96c11895e7dc02ef601772a3f77587ac":{"cameo1":{"holderName":"testTarget1","pictureURL":"images\/lucyliu.jpg","lastname":"Liu","firstname":"Lucy","phone":"610-555-1212","email":"xyz@xyz.com","chatInvitation":false,"online":false},"cameo2":{"holderName":"testTarget2","pictureURL":"images\/AbbasHat.png","lastname":"Abdulmalik","firstname":"Abbas","phone":"610-357-2710","email":"abbas229@gmail.com","chatInvitation":false,"online":false},"cameo3":{"holderName":"testTarget11","pictureURL":"images\/arlene.jpg","lastname":"Ramos","firstname":"Arlene","phone":"804-690-8184","email":"xyz@xyz.com","chatInvitation":false,"online":false},"cameo4":{"holderName":"testTarget4","pictureURL":"images\/charlize.jpg","lastname":"Theron","firstname":"Charlize","phone":"610-555-1212","email":"xyz@xyz.com","chatInvitation":false,"online":false},"cameo5":{"holderName":"testTarget5","pictureURL":"images\/girl.jpg","lastname":"Melendez","firstname":"Linda","phone":"484-832-6938","email":"LindaMel76@comcast.net","chatInvitation":false,"online":false},"cameo6":{"holderName":"testTarget6","pictureURL":"images\/liam.jpg","lastname":"Neeson","firstname":"Liam","phone":"610-555-1212","email":"xyz@xyz.com","chatInvitation":false,"online":false},"cameo7":{"holderName":"testTarget7","pictureURL":"images\/JackieChan.jpg","lastname":"Chan","firstname":"Jackie","phone":"215-555-1212","email":"xyz@xyz.com","chatInvitation":false,"online":false},"cameo10":{"holderName":"testTarget10","pictureURL":"images\/jose.jpg","lastname":"Ramos","firstname":"Jose","phone":"650-520-4678","email":"Jose.Ramos@kin-keepers.com","chatInvitation":false,"online":false}},"d7b464b79ff2dc43fab5e1b6aba0417b":{"cameo1":{"holderName":"testTarget8","pictureURL":"images\\\/lucyliu.jpg","lastname":"Liu","firstname":"Lucy","phone":"","email":"xyz@xyz.com"},"cameo2":{"holderName":"testTarget7","pictureURL":"images\\\/AbbasHat.png","lastname":"Abdulmalik","firstname":"Abbas","phone":"610-357-2710","email":"abbas229@gmail.com"},"cameo3":{"holderName":"testTarget1","pictureURL":"images\\\/arlene.jpg","lastname":"Ramos","firstname":"Arlene","phone":"804-690-8184","email":"xyz@xyz.com"},"cameo4":{"holderName":"testTarget4","pictureURL":"images\\\/charlize.jpg","lastname":"Theron","firstname":"Charlize","phone":"","email":"xyz@xyz.com"},"cameo5":{"holderName":"testTarget5","pictureURL":"images\\\/girl.jpg","lastname":"Girl","firstname":"Linda","phone":"484-832-6938","email":"LindaMel76@comcast.net"},"cameo6":{"holderName":"testTarget16","pictureURL":"images\\\/liam.jpg","lastname":"Neeson","firstname":"Liam","phone":"","email":"xyz@xyz.com"},"cameo7":{"holderName":"testTarget2","pictureURL":"images\\\/JackieChan.jpg","lastname":"Chan","firstname":"Jackie","phone":"","email":"xyz@xyz.com"},"cameo10":{"holderName":"testTarget11","pictureURL":"images\\\/jose.jpg","lastname":"Ramos","firstname":"Jose","phone":"650-520-4678","email":"jose.ramos@kin-keepers.com"}}}